feature	T1	T2	T3	T4	T5	T6	T7	T8	T9	T10	T11	T12	T13	T14	T15	T16	T17	T18	T19	T20	T21	T22	T23	T24	T25	T26	T27	T28	T29	T30	T31	T32	T33	T34	T35	T36	T37	T38	T39	T40	T41	T42	T43	T44	T45	T46	T48	T49	T50	T51	T52	T53	T54	T55	T57	T58	T59	T60	T61	T62	T63	T64	T65	T66	T67	T68	T69	T70	T71	T72	T73	T74	T75	T76	T77	T78	T79	T80	T81	T82	T83	T85	T86	T87	T88	T89	T90	T91	T92	T93	T94	T95	T96	T97	T98	T99	T100
S1	0.00541666476143169	0	0.015638961705883	0.075334703298398	0.100459866495768	0.156879736197064	0.0365274096644122	1.68001509330916e-06	0.15616317162315	0	0.00116609930206487	0	0	0	0	0	0	0	0.0173669959372164	0.00046732536575585	0.0323880367765248	0	0	0.000224335220418595	0.0868923419411879	0	0	0	0.000835303145029145	0	0	0.0176853103017306	0	7.24721843310162e-05	0.0308361754795396	0	0	0	0	0	0.0335890483237497	0	0.0152819106241686	0	0	0.00337315087843321	0	0	0.0615883823304329	0	0	0	0	0	0.0153376577764813	0	0	0.0189400294568274	0	0	0	0	0.00774109956720867	0	0	0	0	0	0	0.000337004808244839	0	0	0	0	0.00683865702368232	0	0.000258125557807172	0.0215648021783099	0	0	0.0153952626331557	0	0.00674774064641079	0	0.00746913658070931	3.75112827764351e-05	0	0	0	0.000228929190254164	0	0.0149634035610863	0.00330202281535694	0.000440768473626817	0	9.34881166309416e-05	0.0037594922817861
S2	0.000270544601721622	0.000152337025693036	0.0410262928193687	0.0401223037848054	1.6460093170167e-05	0.00934276507959454	0.0381684808206687	0	0.169494651760266	0	0.00153509453291036	0.00428930308379337	0.00638077786642937	0	0	0	0	0	0.0203381226125349	0.0224880936732912	0.0097743425734461	0.0158221526997146	0	0	0.0674894693565975	0.00428112019744925	0.000748569770987999	0.00200796214419141	0.00526718948698074	0.000884579221356248	0	0.0274268306912368	0	0.141507785518498	0.0997583153383355	0	0.000675494590613009	0	0.00080426637442075	0.0005027315636922	0.00846151428321102	0	0.0139979923132868	0	0	0.000389099387692919	0	0	0.0155973882204121	0	0	0.00327326087904947	0	0	0.0218105938709323	0	0	0.0188537873406176	0.00289974134368255	0.0155351710160799	0	0	0.000259950081862683	0.000181067840604476	3.34005840082705e-05	0	0	0	0	0.000269277523098632	0	0.000220253357452286	0	0	0.000148701020808366	0	0.0027509706789714	0.00128101422122943	0.000197407987379733	0	0.0199191028555783	0.0202133535583093	0.0163731178354701	0	0	0.00110221409321569	0	0	0	0	0	0	0.00451933704148613	0	0	0.00561454538379334	0
S3	0	0	0.0037792463776435	0.0287214075803619	0.076688890900548	0.0353918344465973	0.0400391440499957	0	0.311196510268553	0.0349544334660651	0	0	0.00599017189156789	0	0	0	0	0	0.0020889527741056	0	0.102971167212203	0.000416590082081467	0	0	0.0159339318504714	0	0.00589482942573466	0.00141330501448284	0	0	0.0223700698549766	0.00218660766639653	0.000747975919724966	0	0.016720544037933	0	0	0	0.000274964663035769	0.0251875867204103	0.00129039206004626	0	0.0267533923298335	0	0	0.000411627370001144	0	0.00584163160538177	0.00338884058804715	0	0	0.0151480888815157	0	0	0.00748426419680984	0	0	0.0194314335739426	0	0.0221916817492337	0	0	0.0232188038526951	0	0	0	0	0	0	0.000484073695558158	0	0	0	0	0.00174978915673816	0	6.02220312680143e-05	0.000772848909689148	0	0	0.000467357688129799	0.0100179244708841	0.0311152189857048	0	0	0	0	0.00441738095217137	0	0	0.000102069558151355	0	0.000420999784125165	0.000350200258735508	0	0	0.00038972155561058
S4	0.00515632584150111	0	0	0.257681625599554	0	0.114156781244178	0.206524633103918	0	0.0571125651820224	0	0	0	0	5.34959936441302e-05	0	0.00326935132530367	0	0.0015296755470832	0.00272902422044162	0	0	0	0	0	0.0108778378744613	0.00380254882980195	0	0	0	0	0	0	0.00355388335046251	0	0.0486504473802685	0.0241044052929265	0	0	0	0.0681881145576283	0	0	0	0	0	0	0	0	0	0	0	0.0744123959819625	0	0	0.0358882223472619	0	0	0	0	0	0	0	0.0078877825966763	0	0	0	0	0	0	0.0124030174657151	0	8.98864176067039e-05	0	0	0.0199810823197144	0	0	0	0	0	0.00045349136325208	0	0	0	0	0.000962557338995605	6.47932792768652e-05	0	0	0	0	0	0	0	0	0	0.000815231403231258
S5	0.00241705750080501	0	0	0.0997142577668327	0	0.278484784196957	0.111755897336045	0	0.0689255380255306	0	0.0732674792777334	0.00190620394080424	0	0	0	0.031999693929326	0.0206918437628763	0	0.0107511960674309	0	0.0129015616301847	0	0	0	0.0177401602995889	0.0193988503368545	0.000115748901633209	0.0017651839826601	0	0.033491966650225	0	0	0.00499036465143676	0	0.0032115742628703	0	0	0	0.00898830416880176	0.0018232261678465	0	0	0	0	0	0.00136202291864281	0.00647568290828447	0	0.00104997099085442	0	0	0	0	0	0.0108462031425231	0	0	0.0305143169614517	0	0.00959177750285306	0	0	0.0136895438700424	0.00244524373870997	0	0	0	0	0	0.00114128194738877	0	0	0	0	0.000106646925412275	0.00101589435160301	0.0514148811794923	0.00150697861884965	0	0	0.00302326582562943	0.00534962073937625	0.00402618379811879	0	0	0.00180606642788108	0	0	0	0	0	0	0	0	0	0	0.000307525296443343
S6	0.000111480764115966	0	0.00183337193353921	0.270067618486354	0.00257137674354635	0	0.307384705737811	0	0.0415218527821224	0.0459196322633972	0	0	0.001644802990133	0.00154051117626724	0	0.00394208688544564	0	0	0.00085210242340813	0.000607232573206448	0.0837954975667345	8.84714341812526e-05	0	0	0.00401250609935422	0	0	0	0	0	0	0.0162376448907798	0.00388402488620506	0	0.0539308584347567	0.05280591289055	0	0	0	0.000438342682853316	0	0	0	0	0	0.000546916932508146	0	0	0.0141302376318192	0	0	0.000357998506342307	0	0	0.0327680336562181	0	0.000849020922192432	0	0.000382135356608244	0.000105230042614828	0	0	0.00120793677653673	0	0.000840904462075734	0	0	0	0	0.000322430634525017	0	0	0	0.000349982607088748	0.0105857735040962	0	0	0.00351380995255262	0	0.000930589167125865	0.000296154557792778	0.000343091060228034	0.0215204109218865	0	0	0	0	0	0	0	0	0	0	0	0	0.000226312814801433	0.00237959987890464
S7	0.00373505536466328	0	0.487779155249041	0	0.0707061917847316	0	0.00908094403597686	0	0.306337278501801	0	0.00134477043427666	0.00103143127397558	0.000617246398218631	0	0	0	0	0.000665143136625411	0.0117330040823631	0.0254495273821542	0.00479150829664113	0.00666377679170928	0	0	0.00868329269774474	0.000412409679660887	0.00279996749598513	0	0	0.000100070310761427	0	0.00048670058039843	0	0	0.000793976117792008	0	0.00562933199072804	0	8.00867312644896e-05	0	0.000832189891306275	0	0.000113185763959275	0	0	0	0.000909199257494394	0.00224294657564514	0.00119938138798584	0	0.00301963230076018	0	0	0	0.00376932143030203	0	0	0.000125558007511241	0.00018556507683321	0	0	0	0	0	0	0	0	0.00148308587590117	0	0	0	0	0	0	0.000738853077523462	0	0.00544125932569591	0	0	0	0	0.00441980526772121	0.00465905236629011	0	0	0.00145204364530441	0	0	0	0	0	0	0.000393236174594393	0	0	0.00908541623865916	0
S8	0.0439372450401392	0	0.000379980923658659	0.155734724497637	0	0.0458952030334208	0.287448944421028	0	0.024248886234693	0.0194750275013935	0	0.000480502067822841	0	0	0	0.000121498191883452	0	0.000989022564000823	0.00567545637431247	0	0.0438002199514079	0	0	0.00179826482641874	0.00698430662385773	0	0	0	0.000105572766444601	0	0	5.64976410067905e-05	0.0154009858916716	0	0.00311047272249972	0.00296769876196661	0	0	0	0.00236618780751798	0	0.000864928091027025	0.00928338014006921	0	0	0.00932231587199422	0	0.000809254225393431	0.0339771090883463	0	0	0	0	0	0.0186564169119802	0	0	0	0	0	0	0.0650062029519711	9.16161225385534e-05	0	0	0	0	0	0	0.00199677559853744	0	0	0	0	0.00305478559933166	0	0	0.00380082526116474	0.114499883902725	0	0.0014625129224641	0	0.00873528185443835	0	0	0	0	0	0	8.04612888417938e-06	0	0	0.0109809651674209	0.000161331653223469	0.00600317569655894	0	0
S9	0	0	7.77961530156924e-05	0.165047722573263	0.0421799626956748	0.0357808516997099	0.15534973086217	0	0.0530065247711329	0.000911834442453698	0	0	0	0	0	0	0	0	0	0	0.00458942867801637	0	0	0	0.202009940903782	0	0	0	0	0	0	0	0	0	0.0630808253193296	0	0	0	0	0	0.0359772505945834	0	0.0203175536070734	0	0	0.000292988654101729	0	0	0.00893553796613579	0	0	0	0	0	0.0351282819243508	0	0	0.00568048668329642	0	0	0	0	0	0	0	0	0	0	0	0.00159956743312015	0	0	0	0	0.00140526912732487	0	0	0.000571663963677107	0	0	0.0127240485156933	0	0.0550139704351978	0	0	0	0	0	0	0	0	0	0.0114289629968967	0	0	0	0
S10	0	0	0.0243065483687834	0	0.0433631699480843	0.0437281554432418	0.0212331288595989	0	0.0310532943003203	0	0.0125508655807895	0	0.686303717309054	0	0	0	0.000301184912920832	0.022303833937132	0.00798135796189142	0	0.00123231715559343	0.00191833056682884	0	0	0.0212468855550349	0	0.00151776735171602	0	0.0060811039240776	0	0	0	0.00191190619303783	0.000302368953599567	0.00180429989991441	0	0	0	0.000565373854997313	0	0	0	0.00207054607166994	0	0	0	0.000310276945739028	0	6.67808505187563e-05	0	0	0	0	0	0.00779710897027825	0	0.00500893183697443	0.00234705804516656	0.00577394653256635	0.00468312447719775	0	0	9.78980064516474e-05	0.000390229419626046	0	0	0	0	0	0	0	0	0.000107575448733761	0	0.00268881608278216	0	6.21384290706245e-05	0	0	0	0	0	0.00312156069680247	0	0	0.00330842819812047	0	0	0	0	0	0	0.000558726550225107	0	0	0	0.0162296386599786
S11	0	0	9.3952307095593e-06	0	0.0497753426114646	0.0698640532680612	0.304176754113861	0.00577497147830584	0.207377345776266	0.00385750320812424	0	1.69905563196287e-05	0	0	0	0	0	0	0.10872854659133	0	0.00439819604059911	0.00996914125463179	0	0	0.0405946891706287	0.00693428211779336	0	0.00645148716180964	0.00392728869262579	0	0	0	0	0.0146038228348801	0.0163709907017137	0	0.0041488257500977	0	0.0137336621470933	0.0102123621942753	0	0	0.0110200997630836	0	0	0	0.00114350768520883	0	0.0022021252927631	0	0	0.00231062127777128	0	0	0.0138864775740819	0	0	0.00295497076252019	0.000594034326082051	0	0	0	0.000464459792545627	0	8.26073979665635e-05	0	0	0	0	0	0	0	5.62176005874266e-05	0	0.00144250608985482	0	0	0.000913594046854994	0.000118483887405435	0	0.00127834718146541	0.00760863164614869	0.0162426870340029	0	0	0.00211864173920325	0	0	0	0.000839573221232526	0	0.000244949528558286	0	0.000513171990836368	0	0	8.07359654454489e-05
S12	0	0	0.0193067340522888	0	0.00667402287191601	0.0225345110612949	0.0299703248589824	0.0539176726526454	0.214035976691391	0.0816923193008593	0.02717078497521	0	0	0	0	0	0	0.00678224427392708	0.131025774999694	0.00912804017312099	0.0250793604559078	0	0	0	0.0257244534092776	0.00356834345458142	0.0210365463773812	0.000787698444737249	0.0858414449300208	0	0	0	0.00205548824605408	0.0185441918483949	0.0238759036490968	0	0	0	0.00374768569737419	5.53300510950263e-05	0	0	0.0156344093661482	0	0	0.000508444481506656	0.00349444809493799	0	0.0202152625581036	0	0.0044488023749002	0	0	0	0.000962471427265618	0.00063724443993682	0	0.0279594612594098	0.0404621645870436	0.0376710720052869	0	0	0.000245817034023674	0	0	0	0	0	0	2.87481224443951e-05	0	0	0	0	0	0	0	0.00459819197229708	0.000246245863830177	0	0	0	0.0031788863472182	0	0	0.000158925168274557	0	0	0	0	0	0	0	0	0	0.00342324299359781	0
S13	0.118853944170822	0	8.75527494194203e-05	0	0	0	0.0246042171718679	0.532100295143347	0.00151407814388116	0	0	0	0	0.00932778183535766	0	0.207753039267436	0	0	0	0	0	0	0	0.0079604187397623	0.0335729288490614	0.00665576044901813	0	0	0	0	0	0	0	0.00698615298039876	0	0	0	0	0	0	0	0	0	0	0	0.0100761183870874	0	0	0.00425206540568237	0	0	0	0.00270599858209722	0	0	0	0	0	0	0	0	0	0	0	0	0	0	0	0	0.00122835064294969	0	0	0	0	0.00382600147887543	0	0	0.00463943807146951	0	0	0.00311597819270812	0	0	0	0	0	0	0	0	0.00118142373971007	0.000332120534409992	0	0	0.000695757725322587	0	0	0
S14	0	0	0	0.016607339421258	0	0.0890545806127247	0.295124972466683	0	0.149400025616987	0.0120568470023878	0.00889864262788741	0	0	0	0	0	0	0	0.0726303429769176	0.0014746789907107	0.0148791476981222	0	0	0	0.0395137793886322	0.00275629810444253	0.000115096955357939	0.000242860780543973	0.0207097226326664	0	0.0475007481595307	0.0183785411752933	0.0031575801442048	0	0.0118244046121826	0	0	0	0.00444955370240257	0.00391938585459994	0	0	0.0150280187797579	0	0	0.000178712037925614	0	0.00729336946334231	0.0071776327064109	0	0.00965695025120952	0.00637073047766663	0	0	0.0133241124878004	0	0	0.0237338162517519	0.011639032379591	0.00508077728428833	0	0	0.00298020814288578	0.000643926137608134	0	0	0	0	0	0	0	0	0	0	0.000267597882750246	0	0	0.00178425289068033	0	0	0.00385325063601148	0	0.0154947054355386	0	0	0	0	0	0	0.00021221003131736	0	0	0.00123700976450359	0.00209334611790274	0	0.000843504069937386	0.00143213365331298
S15	0.0140214544046165	0	0.183058657754632	0.0493979433642706	0	0.0117700259052874	0.0990502050195744	0	0.213561998292069	0	0.0174715558205829	0	0.0181955251237568	0	0	1.76465959398754e-05	2.12918820943451e-05	0	0.0492721296635724	0	0	0	0	0	0.0789510716265785	3.49842434387702e-05	0.01976733776056	0.000280133232395115	0.00668493065458596	0.0109366250388941	0	0	0	0.00502850214723458	0.0259890416406712	0	0	0	0.000680309086441542	0	0	0	0.00817376857644495	0	0	0	0	0.00151932191148855	0.00482214314576798	0	0	0	0	0	0.0286987769822478	0	0	0.042606399648878	0.000667640643882903	0	0	0	0.0122783498271607	0	0	0	0	0	0	0.00699184216064334	0	0	0.00205677441910446	0	0.00386903664696142	0	0	0.000889455790698504	0	0	0.0031715824640391	0.00260948842649402	0.00590616230368261	0	0	0.00710526822061685	0	0	0	0	0	0	0.000993031250233124	0.000108553986114649	0	0	0.00114933433834467
S16	0	0.0349271542194564	0	0.00133871708974655	0.00308599958864587	0.00284693035499695	0.0747231632063721	0	0.0400804735345485	1.08819360304472e-05	0.0848865329262457	0.0386319689512704	0.000146713516925042	4.18581241349956e-05	0	0	0	0.000165287010264879	0.18473823426265	0	0	0	0	0.0348650409358313	0.0293822892109862	0.0170160088400703	0	0	0	0.167996048852293	0	0	7.47808949627283e-05	0.0684385713117206	0.000161434744158112	0	0	2.80299654624168e-05	0.0543663184699174	0	0	0	0	0	0	0	0	0	0.0011270582621132	0	0	0.000445639262394532	0.000346396858460118	0	5.32331919280201e-06	0	0	0.0012569412888193	0.00819603795584683	0	0	0	0.0159021037027809	0.0135529226133742	0.0147206459268037	0	0.00624459671156404	0	0	0.000154941113339217	0	0	0	0	1.11108990872656e-05	0	0	0.000330787365568474	0	0	0	0.0702234076193122	0	0	0	0.00613280502377529	0	0	0	0.000171030229986217	0	0.0015401802526285	0.000538784667439497	0	0	0	0.000107042668882124
S17	0.00191098265065428	0	0.634036702191835	0	0.0853584959511989	0	0.00442321097030217	0	0.175006891861072	5.32084819780993e-06	8.49223195191528e-05	0	0	0	0	0	0	0.00036923063159818	0.00654491680418814	0.0314687472421283	0.00516639181331071	0.00299295768054376	0	0	0.0111551619336484	0	0.000516700138115819	0	0	0	0	0	0	0	0.00118243366623096	0	0.0018457561322056	0	0	0	0.000892668101217399	0	0	0	0	0.00435797717673718	0	0	0.00110589524925497	0	0	0	0	0	0.0054851571445591	0	0	0	0	0	0	0	0	0	0	0	0	0.0013163964679813	0	0	0	0	0	0	0.000247265501405433	0	0.00347428236915451	0	0	0	0	0.00583912211547351	0.00423256794682932	0	0	0.000142643871364171	0	0	0	0	0	0	0	0	0	0.00617080028799398	0
S18	0.111546987841382	0	0.000459536966634623	0	0	0.0729625057086891	0.0818408927436092	0	0	0.189369801011543	0	0	0	0	0	0.000206603305236277	0	0	0	0	0	0	0	0	0.128090510888855	0	0	0	0	0	0	0	0.1201727809912	0	0.0331147013089401	0.00944085989777373	0	0	0	0	0	0	0.0506155999917985	0	0	0.0454980197350076	0	0	0.0110502600312104	0	0	0	0	0	0.00639733254234977	0	0	0	0	0	0	0	0	0	0	0	0	0	0	0	0	0	0	0.0674449406832768	0	0	0	0	0	0	0	0	0.000526373572457679	0	0	0	0	0	0	0.000468464462504909	0	0	0	0	0	0	0
S19	0	0	0.042621787131136	0.0312853021144546	0	0.001788639437014	0.0348980831420583	0.0200789902231279	0.350638139754557	0.0294546986987097	0	0	0	0	0	0	0	0	0.0146141769862766	0	0.119689174772147	0	0	0.0604847645611258	0.00869705529511754	0	0.00104114887244062	0	0.0140332140578493	0	0	0	0	0	0.0391643042393159	0	0	0	0	0.063796905691758	0	0	0	0	0	0.00291321933618421	0	0	0.000183462307867633	0	0	0	0	0	0.102108776780448	0	0	0	0	0	0	0	0	0	0	0	0	0	0	0	0	0	0	0	0	0	0	0.000346395793423754	0	0	0	0	0.0016794668532182	0	0	0	0	0	0	0	0	0	0	0	0	0	0
S20	0.0642709923321979	0	0	0	0	0.0257396528126609	0.137128312180513	0	0.127603469585698	0.0420941992411456	0	0	0	0.000181908720002319	0	0.00204940081510912	0.111691738970989	0	0	0	0.0537098369367228	0.00088435281715972	0	0.0223245880165713	0.0809739245758539	0.00440792727912639	0	0	0.00185915641048346	0.00529399875333982	0	0	0	0.00897217467623935	0.0189036269227459	0.00723559063000302	0	0	0.000247132785825237	0.000504863406563796	0	0	0	0	0	0.0041404189120483	0	0	0.00626343996877844	0	0	0.0304534625565492	0.0031693365724199	0	0.0206043171082438	0.0154950309748022	0	0.108681827740198	0	0	0	0	0.00181765113446773	0	0	0	0	0	0	0.00367369219133884	0	1.83874999276717e-06	0	6.98926792917862e-05	0.000696411064130602	0	0	0.00107114793475114	0	0	0	0.00398068978137728	0	0	0.0206138163560227	0.00302017927128717	0.000489862919387293	0	0	0	0	0.00141533621596246	0	0	0	0	0
S21	0.00146335958320804	0	0.210851345547734	0	0	0.0187511458214387	0.151672143150314	0	0.0985896996240985	0.00068465525914397	0.0224909058226785	0	0	0.011509186073751	0	0.00203302067100333	0.00157727997943832	0	0.0248351669397663	0	0	0.0150652351237704	0	0	0.0168586408955652	0	0.0119284704503386	0	0	0	0	0	0	0	0.00233895307990327	0	0	0.0211165825262096	0.015410670948773	6.02696299390954e-05	0	0	0	0	0	0	0	0	0.00716020985384612	0	0	0.0821078300983458	0	0	0.0327403115459912	0	0	0	0.00141928175596799	0	0	0	0.0234622386342078	0	0	0	0	0	0	0.00491510928225686	0	0	0.00711998287980269	0	0.00421450144855368	0.000839152199898952	0.000838861853099496	3.96719551741143e-05	0	0	0.00153687332593748	0.00260810991077099	0.057760052902183	0	0	0.0531739108028092	0	0	0	0	0	0	0.00529643402878192	0.00103936824490924	0	0	0.0016008681503904
S22	0	0	0	0.175294176633475	0	0.023928432494665	0.0290694175641786	0	0.0342311111374166	0	0	0	0	0.0124762625082116	0	0.00395315060554377	0	0	0	0	0	0	0	0	0.0481939884467881	0	0	0	0	0	0	0	0	0.0229526044697246	0	0	0	0	0	0.030626034036881	0	0	0.088948603008623	0	0	0	0	0.0582061932620585	0.0307876563868414	0	0	0	0	0	0.0948113957691905	0	0	0.102397027355635	0	0	0	0	0	0	0	0	0	0	0	0.0148331023895237	0	0	0	0	0.0361122540956504	0	0	0.0172683852748375	0	0	0.000720731599251427	0	0.0497352906180387	0	0	0	0.0897307429106969	0	0	0	0	0	0.00469604874098584	0	0	0	0
S23	0.0418036364646672	0	1.81464418071918e-05	0	0.0552304544403616	1.69905777270103e-06	0.000145816067376674	0	0.158925007507679	0.00137238223610128	0.0113968087901875	0.0594832839879014	0	0.0064032113035579	0	0.226678577785316	0.000185377457111917	0	0.0157727719601858	0	0	0.000290181267837453	0	0	0.00979280842448722	1.90787512541314e-05	0	0	0.234937759093856	0.008471701318681	0	0	0	0.0759970228782216	0	0	0	0	0.0123124825533981	0	0	0	0.012636817509744	0	0	0.00163431060891944	0	0.000712101538172728	0.00372103863974586	2.80630725213399e-05	0	0	0.000262143632810561	0	0.000429120647762158	0	0	0.00558836569135986	0.0175026555041546	0	0	0	0	0	0	0	0	0	0	0.0029501113109076	0	0	0.00114461054490507	0	0.000481256784068193	6.07141033033144e-05	0	0.000373587478616803	0	0	1.81234406610925e-05	0	0	0	0	0.00858304319084152	0	0	0	0	0	0	0	0.00117313320626244	0	0	0
S24	0	0	0	0	0.0333399653674765	0	0.116121632885237	0	0.0693378571263436	0.152191578834718	0.0086623951447952	0.0036651223036587	0.0240416626907093	8.22895535707389e-05	0	2.65606652453774e-05	0	4.91556396979751e-05	0.00748819028667259	0	0.0811309949478165	0	0	0	0.0231818686962603	0	0	0	0.0123029361756292	0	0	0.0179949732888881	0.0388123349281895	0	0	0.20885522975803	0	0	0	0	0	0	0.0121236911682179	0	0	0	0	0.00321557749922326	0.0619991471864693	0	0	0.00135819299398865	0	0	0.0115760019519883	0	0	0.0259217871894961	0	0.00050265762156916	0.0006374706757992	0	0.00104150061433495	0	0	0	0	0.00673717334005263	0	0.00916972493030935	0	0	0	0	0.00200384732337497	0	0.00623022295634967	0.00295590865572769	0	0.000660628218878115	0	0	0.038386548712437	0	0	0	0	0	0	0	0	0	0.000746301446640914	0	0	0	0.00130077245182368
S25	0	0	0.0378702523352999	0.0172766792877272	0	0.0176112309686409	0.093630455039462	0	0.14224768617117	0.0845304246824255	0.00283009187328912	0.000205908207551799	0	0	0	0.000188825228595111	0	0	0	0	0	0	0	0.00068312330311207	0.0627758888315556	0	0	0	0	0	0	0	0	0	0.0250525949932806	0	0	0	0	0.00208418709523881	0.159171966580419	0	0.100526583272864	0	0	0	0	0	0.00401554424523858	0	0	0	0	0	0.0266148107996371	0	0	0.0696037805923905	0	0	0	0	0.0071274108707137	0	0.00988528884950441	0	0	0	0	0.00653745941663618	0	0	0	0	0.00328984845366292	0	0.00862121758071079	0	0	0	0.00784731163688619	0	0.0165561470910671	0	0	0	0	0	0	0	0	0	0.00645917566617893	0.00432912341213908	0	0	0
S26	0	0	3.46741085605677e-05	0.0802003742734187	0	0.0901066210348345	0.00185474057588035	0	0.0276093183423373	0.0224638549208249	0	0	0	0	0	0.00144093397783544	0	0	0	0	0.137912704015988	0	0	0.00149224299511555	0.183455551799905	0	0	0	0	0	0	0	0	0	0.0385753874777984	0.00203129191825846	0	0	0	0	0.0776621421421882	0	0.0208976339173582	0	0	0	0	0	0.00251426899010275	0	0	0	0	0	0.0205074012529168	0	0	0.0825755527972415	0	0	0	0	0.00029600508859682	0	0	0	0	0	0	0.00579283047049635	0	0	0	0	0.00127121657382155	0	0	0.00203909540088077	0	0	6.10988127846121e-05	0	0.0674577043305995	0	0	0	0	0	0	0	0	0	0.104595352067055	0	0	0	0
S27	0	0	0.0124101468755784	0.00163497351692477	0.00787637677903876	0.016987446808978	0.754612830121276	0	0.0352631988883386	0	0	0	0.000140500180075078	0	0	0.000288303992925873	0	0	0	0	0	0	0	0	0.00296728295427038	0	0	0	0	0	0	0.00760185162892916	0	0	0.0026563193177539	0	0	0	0	0.0077072524437584	0	0	0.00144698664173714	0	0	8.5125160608733e-05	0	0.00100302616853545	0.00115265631428812	0	0	0.00945363337393716	0	0	0.00158663726925478	0	0	0.00101445537199056	0	0	0	0	0.00135577883172404	0	0	0	0	0	0	0.00171840932645246	0	0	0	0	0.000583042469469281	0	0.000237381780678455	0.0253824073191051	0	0	0	0	0.00247083945823762	0	0	0.000450759651830879	0	0	0	0.00177763158334045	0.0289341733917986	0	0	0.00137838965889419	0	0	0.00321750270167364
S28	0	0	0.0587639542903251	0.0216741222090934	0.00921611867614662	0.0160710329573617	0.179402024174123	0	0.398128750050906	0	0	0	0	0	0	0	0	0	0	0	0	0	0	0.0111351604801504	0.011123457431181	8.26535140496074e-05	0	0.0926575455320123	0	0	0.0119292434778936	0	7.68558794903987e-05	0	0.00532774465413263	0	0	0	0.0502024378795374	0.0258316310595899	0	0	0.000355098114390048	0	0	9.82089049940184e-05	0	0	0.00689471343336303	0	0	0.00100929579642386	0	0	0.0110247285092879	0	0	0.00885900539161112	0	0	0	0	0.010145750863103	0	0.0198965434108686	0	0	0	0	0.000436645622416642	0	0	0.000909257959557995	0	0.0010615468367024	0	0.00931015813770523	0.000481470229348753	0	0	0.00125955582915409	0	0.0036527956262448	0	0	0.00124138801867561	0	0	0	0.00026150190219987	0	0	0	0	0	0	0
S29	0	0	0.00119395201025312	0.0103802658894385	0.0064863896175914	0.00525081193502729	0.0348666808954926	0.00648210854284956	0.380816394532128	0.00712985315975893	0	0.00022426150443241	0	0	0	0.0647964594007176	0	0	0.00381257992195483	0.0312700730642963	0.0193911225995279	0	0	0	0.0678168309745396	0	0	0	0.0351196308744912	0	0	0	0.011615733446499	0.00241095610941532	0.0213246795449524	0	0.000572555153414884	0	0	0	0	0	0.0466823255429726	0	9.95755799975782e-05	0.000157464600599962	0	0	0.00630371568794518	0	0	0	0	0	0.0223379801009731	0	0	0.129982202726868	0.000766433885174614	0	0	0.00134958018036351	0	0	0.00057023370968608	0	0	0	0	0.000267046369146001	0	0	0	0	0.000191983280140368	0	0	0.00100567436845015	0	0	0.000194061935805401	0	0.0120645869775941	0	0	0	0	0	0	0	0	0.0019457534416305	0	0.00584675271474738	0	0.00782928457672478	0
S30	0.000814297531632155	0	0.00197696179069876	0	0	0.453111524965972	0.0196378676346951	0	0.00527095130421124	0.0692217544242742	0.0108328875775231	0	0	0.0005399116682994	0	0.0150628143091375	0	0	0.000778128988900564	0	0.0655926584995364	0	0	0.0078457936636851	0.00942282012039644	0.000383852148271836	0.00317768521993154	0	0.0570713910304083	0.00071728612176873	0	0	0.0434355806181572	0	0.00128967898087972	0	0	0	0	0	0	0	0	0	0	0	0	0.0409663128423925	0.00419211235206687	0	0	0	0	0	0.00107570022854107	0	0	0.057605630259932	0	0	0	0	0	0	0.00245456439510859	0	0	0	0	0.00240383434624621	0	0	0	0	0.00497767438599496	0	0	0.00041833549244421	0	0	0.0417347496389137	0	0	0	0	0	0	0.000312222071526995	0	0	0	0	0	0.000706316375083639	0	8.15466219094955e-05	0
S31	0	0	0.570668159937213	0	0.014645390199737	0.00166734007458104	0.136219299236843	0	0.115421377977792	0	0.00263868806818974	0	0.0212030894079426	0.000184198056736853	0.0131361640094518	0.0037773746180891	0	0	0.013365393349762	0	0	0	0	0	0.00361842270820939	0	0	0	0	0	0	0	0	0	0.000719455832696116	0	0.0033770939877006	0	0	0.0466784880602318	0	0	0	0	0	0	0	0	0.000424572423674234	0	0	0.000753179648043275	0	0	0.0143777404068596	0	0	0	0	0	0	0	0.0110179511358952	0	0	0	0	0	0	0.000779182941129567	0	0	0	0	0	0	0.00813335498192655	0.000244661875250733	0	0	0	0	0.00189183558613982	0	0	0	0.000247601463642462	0.00262939710922432	0	0	0	0	0	0	0	0	0.0019210879289876
S32	0.0103509302825101	0	0.00156669086727566	0.189651113085734	0	0.13661670983156	0.0140732374722482	0	0.081521859149267	0.268555090257348	0	0	0	0.000180565293733105	0	0.0052018617334643	0	0	0	0	0	0	0	0	0.0829747391384099	0	0	0	0.00120806118888753	0	0	0	0	0	0.0684304614890922	0	0	0	0	0	0	0	0.00683135426545681	0	0	0.00220563172615419	0	0	0.000813844783477357	0	0	0.0186014116341393	0	0	0.00436933202186044	0	0	0.0117015470583951	0	0	0	0	0	0	0	0	0	0.00573817563741102	0	0.00216620490455684	0.00320064603889747	0	0	0	0.00500518123113455	0	0	0	0	0	9.36541276099523e-05	0	0.0302206626285478	0	0	0	0	0	0	0	0	0	0.0033580317168214	0.00917275044370433	0	0	0.00172476233195093
S33	0.00239410603757317	0	0	0	0	0.00270833034522531	0	0	0.00326295619539471	0.272737392631728	0	0	0	0.00790950037714764	0	0.0153872273931037	0	0	0.00321900126116455	0	0	0	0	0	0	0.00406396519097159	0	0	0	0	0	0	0.000259720749623142	0.00028005324118624	0	0	0	0	0	0	0	0.000787509409984652	0.00930157765530342	0	0	0.0362388854780332	0.00890825313563665	0	0.109101985968852	0	0.00132822202791454	0	0.0407097858338201	0	0	0	0	0	0	0	0	0	0	0	0	0	0	0	0	0.0320357297939329	0.000881010236121677	0	0	0	0.000515648767074745	0	0	0.0225631691438824	0.00200417352424401	0	0	0	0.0244030798579119	0	0	0	0	0	0	0.00119881940050892	0.00046015566554227	0	0	0.0450367321000894	0.00155006827685351	0	0
S34	0.218061361864252	0	0.00231555901179416	0.0436682472922044	1.52113024465261e-05	0.0020334097926451	0.00436316215353775	0	0.00916909198549662	0.0679791780509563	0.00797786745355513	0	0	6.14082905941308e-05	0	0.0231233677229684	0	0	0	0.00120942701179935	0.000259690456275857	0	0	0	0.174583664965341	0	0	0	0	0	0	0	0	0.000998262367558974	0.0733520203935005	0.0725786807159532	0	0	0	0	4.76119509428591e-05	0.0112382450474361	0.0311092215324551	0	0	0.0762903282007751	0	0.0132928921350481	0.000553953515878335	0	0	0	0	0	0.00619533194183683	0	0	0.000160462598681749	0	0	0	0	0	0	0	0	0	0	0	0.000325044656957821	0	0	0	0	0.000369940436785709	0	0	0.000564795999204406	0	0	0.00215596039238993	0	0.00139248833608762	0	0	0	0.000158800666670774	0	0	0	0	0	0	0.0294308429268752	0	2.05633485307565e-06	0
S35	0	0	0	0.0307080840786732	0.0429160347694161	0.246774582808054	0.0574184257458119	0.0104426331688984	0.0590640933794439	0.0028922371279601	0	0	0	0	0	0	0	0	0.0179559335368979	0	0.0902384117755167	0	0	0	0.0191928755645549	0	0	0	0	0	0	0	0.00856991944758824	0	0.036413351261337	0	0	0	0	0.0169262100094105	0	0	0.0632729673662433	0.00102100783046905	0	0	0	0	0.030566171666955	0	0	0.00193233897262893	0	0	0.0335059508218042	0	0	0.0103591209565984	0	0	0	0	0.14575385288764	0	0	0	0	0	0	0	0	0	0	0	0.00415813684725992	0	0	0.00464133399550755	0	0.000428372436615932	0.000989787390157535	0	0.0122122144483683	0	0	0	0	0	0	0	0	0	0.00391630047698074	0.00271999517439357	0	0.000302856054815857	0
S36	0.0407898910306295	0	0.000100062462909255	0.0202527638243545	4.10808413084603e-06	0.000358846330697694	0.0076546117504391	4.8531925734691e-05	0.0567188825526412	0.0296702615710277	0	0	0	0.0038205754708298	0	0.199679863180966	0.000302346513229125	0	0	0	9.77065873914457e-05	0.0176941845459429	0	0	0.0478023214083212	0.205000579472667	0	0.0136876022104214	0	0.00997116813243817	0	0	0.011977294261439	0.0078235651575168	0.0980025708559869	0	0	0	0	0	0	0	0.000458802191102615	0	0	0.00369594361448138	0	0	0.00143679971052483	0	0	0	0	0	0.0056032142607278	0	0	0.00808822647814963	0	0	0	0	0	0.0194634738183172	0	0	0	0	0	0.028088761624293	0	0	0	0	0.011938051363186	0	0	0	0	0	0.00149574576746911	0	0	0	0	0.00324637641494013	0.00547416202695275	0	0	0	0	0	4.25778292887899e-05	0.0242152537035824	0	0	0
S37	0.000270703694752459	0	0.223539130845712	0.00400840765390625	0	0.294452385836364	0.125467925228882	0.0024084987478661	0.0928676638856535	0	0.0868336737522204	0	0	0	0	0.00105571522726622	0.00154386826147743	0	0	0	0	0.000246736649358506	0	0	0.0296864595561991	0.00258146271786031	0	0	0	0	0	0.00247357960638141	0	0	0.00304124150691048	0	0	0	0.00492892353210522	0.0080711732850196	0	0	0.00198146176522298	0	0	7.72838639994805e-05	0	0	0.000297379772543738	0	0	0.0562888864634948	0.000214326495012641	0	0.00348167904499518	0	0	0.001780642759713	0	0	0	0	0.000493083716699473	0	0	0	0	0	0	0.000259377826449288	2.8747129446765e-05	0	0	0	0	0	0.00848657420687273	0.00012937071868656	0	0	0.00085027581280865	0	0.00502144299309057	0	0	0.0175297813187197	0	0	0	0	0	0.00844225971270957	0	0	0	0	0.00107697237843813
S38	0	0	0.000287305547091058	0.00982770325087164	0.0523916793503356	0.04524142354316	0.276846330366467	0	0.00654618441994651	0.0170153672950107	0.00860502521692765	0.00619511706815206	0	0	0	0	0	0	0.091653486133445	0	0.0104376977255522	0	0	0	0.0113807488753082	0.00141882288533808	0	0.00311995520720972	0.158916869790464	0.0357390903010716	0	0.105583221822032	0	0.008893681590217	0.00433910569373341	0	0.00281852555276571	0	0	0.00135297766597943	0	0	0.00418452270639271	0	0	0	0.00159953406367303	0	0.000193673072447914	0	0	0.00202362697190183	0	0	0.0055415805742678	0	0	0.00332248521674109	0.0196783385359462	0.0240364846658141	0	0	0.000621572926738195	0.000199323099493691	0.00638462233507275	0	0	0	0	0	0	0	0	0	4.12416498087575e-05	0	0.000363935750534744	0	0	0	0.000700401946785913	0	0.00087616740338464	0	0	0.00517543099343318	0	0	0	0	0	0.00590505920456807	0.00385335103231627	0	0	0	0.00178082854960043
S39	0	0	0	0	0	0	0	0	0	0	0	0	0	0.9520367	0	0	0	0	0	0	0	0	0	0	0	0	0	0	0	0	0	0	0	0	0	0	0	0	0	0	0	0	0	0	0	0	0	0	0	0	0	0	0	0	0	0	0	0	0	0	0	0	0	0	0	0	0	0	0	0	0	0	0	0	0	0	0	0	0	0	0	0	0	0	0	0	0	0	0	0	0	0	0	0	0	0	0
S40	0	0	0.000791172304603594	0.018227479790967	0.0989207730294659	0.118747656334628	0.29839317075511	0	0.071167706282385	0.00246937459459654	0.00941062900656802	0.00120853656235776	0.0180783521337648	0	0	0.0256471645093995	0	0.000489065317548744	0.000563266837489661	0.00755807663235694	0.00376539516316451	0	0	0	0.0333349345533375	0	0	0	0	0.000392253367342635	0	0	0.00026761160879559	0	0.00406261560818337	0	0	0	0	0.00526098162497375	0	0	0.00749899025987745	0	0.00690300737846684	0.0296788186643073	0	0	3.27722567801997e-05	0	0	0.0643110616241305	0	0.0705396997486808	0.0126672919269539	0.000229836711154287	0	0.0105778268026671	0.0011193551511647	0.000140327543859544	0	0	0.00870635721266859	0	0.00882348862628593	0	0	0	0	4.38952766225232e-05	0	0	0	0	0.00117939514899957	0	0.0122745308265424	0	0	0	2.05800931155723e-05	0.000202015313907475	0.00351044414490871	0	0	0.00180551340741177	0	0	0	0.00133343707746552	0.00129049520128092	0.000180440550292519	0.00526627120770278	4.92192683699298e-05	0	0.00156413953993051	0.000132469903203722
S41	0	0	0.00178818185406967	0.00710348491226717	0.00648305099258785	0.262471614432979	0.435836922547973	0	0.0462752462934697	0.00739951296147282	0.00220743865630177	0	0	0	0	0	0.00588428379612083	0	0.0618845358132552	0	0.00208678271682771	0	0	0.00298480197754638	0.0134373265653976	0.0026332544914551	0.00083704686296863	0	0.0180526560658884	0.031262931848029	0	0	0	0.00588782733211506	0.000305944928738465	0	0	0	0	0.00889696020045462	0	0	0.00427505179925537	0	0	0	0	0	0	0	0	0.0151573282764003	0	0	0.00213322955369517	0	0	0	0	0	0	0	0	0	0	0	0	0	0	0.000184265901467659	0	0	0.000228789420715668	0	1.64236041135213e-05	0	0.0279571501297251	0	0	0	0	0	0.00481083789415246	0	0	0	0	0	0	0	0	0	0.00251551247007486	0	0	0	0
S42	0.0898085630507027	0	0.000829508577159135	0.16458533192716	0	0.165624650924509	0.179067260593023	0	0.0128721887223669	0	0	0	0	0.000733060736442089	0	0.00105592904066077	0	0	0	6.68672524086268e-06	0	0	0	0	0.0257932331162594	0	0	0	0	0	0	0	0	0	0.00198935486003245	0	0	0.0140276919101634	0	0	0	0.0361514808374326	0	0	0	0.0114385071907164	0	0	0.0616358756838505	0	0	0	0.000317011983374086	0	0.0194050759465692	0	0	0.0603300891393685	0	0	0	0	0.000355514721647032	0	0	0	0	0	0	0.000518561733226656	0	0	0	0	0.0214636286356558	0	0	0.0190589705679236	0.00135838318809634	0	0.00326154473880006	0	0.0237113963324949	0	0	0	0.00188588408883466	0	0	0	0	0	0	0	0.00014419043508575	0.000173230374998741	0.00060981057568089
S43	0	0	0.186494353822875	0	0.0210688336061554	0	0.0243490625687707	0	0.116438394365	0	0	0	0.0190650021232654	0	0	0.00223464146905525	0	0	0.00226438550097278	0.0918983339237314	0	0	0	0	0.169529161973945	0	0	0	0	0	0	0	0	0	0.0945990755606067	0	0	0	0	0	0	0	0	0	0	0	0	0	0	0	0.00447046599186567	0.0031856571117731	0	0	0.0164833827614872	0	0	0.0140009505063927	0	0	0	0	0	0	0	0	0	0	0	7.44022879141596e-05	0	0.0180249383824393	0	0	0.0870287014226599	0	0	0	0	0	0.00363813167262892	0.000129536557115226	0	0	0	0	0	0	0	0	0	0	0.01669121812473	0	0	0.022851490893611	0.00481847937300512
S44	0.322083719981058	0	0	0	0.0173138488073497	0.00293992350696805	0.350488076323143	0.0299931169663241	0.0717313051425706	0.000298886081702691	0	0	0	0	0	0	0	0	0	0.00170466220711336	0.0113577347145954	0	0	0	0.0107414880006977	0	0	0	0	0.00128546957408872	0	0	0	0	0.00155584250643222	0	0	0	0	0	0	0	0.0118689835472822	0	0	0.0727178094918445	0	0	0	0	0	0.00787538193243364	0	0	0.016938388377225	0	0	0	0	0	0	0	0.0108841895175032	0	0.000456989377496995	0	0	0	0	0	0	0	0	0	0.000498952512987605	0	0	0	0	0	0.000418465361228605	0	0.0108725900309337	0	0	0	0	0	0	0	0	0	0	0.000101165999544633	0	0.00071740552391468	0
S45	0	0	0	0.390179287546733	0.012504114746413	0.0727793676488881	0.224495334617993	0	0.0240672669865715	0	0	0	0	0	0	0.000862128860381803	0	0	0	0	0.032236863726556	0	0	0	0.0242940052392442	0	0	0	0	0	0	0	6.28925046696285e-05	0	0.107931162987153	0	0	0	0	0	0	0	0.0337289348107582	0	0	0.000222332867359721	0	0	0.000264648360402965	0	0	0	0	0	0.00223309133842192	0	0	0	0	0	0	0.0144040050584834	0	0	0	0	0	0	0	0.00100798046744159	0	0	0	0	0.00876890943415908	0	0	0.000170374799949834	0.000135767403095721	0	0	0	0.0207517421552401	0	0	0	0	0	0	0	0	0	0	0	0	0	0
S46	0.0545004854941709	0	0	0.0241031385961172	0	0.00183200594694741	0.00510595464937363	0	0.162102695925856	0	0	0	0	0.00405829295248479	0	0.00564902442675588	0	0	0	0	0.00855531631728561	0.0770575718226008	0	0	0.263262534416389	0.151716942470567	0.0899976057734894	0.00500264762907122	0	0	0	0	0	0	0.000220565522977009	0	0	0	0	0	0	0	0.00193493911421575	0	0	0.00121637183140505	0	0	0.00380765499529862	0	0	0	0.00164650365875681	0	0.0127552840315667	0	0	0.0207323573359148	0	0	0	0	0	0	0	0.000323152780999853	0	0	0	0.00954177904114328	0	0	0	0	0.000151877890327388	0	0	0.00159705197076918	0	0	0.000533927401573437	0	0.00843908626694186	0	0	0.0193866780511271	0	0	0	0	0	0	0	0	0	0	0
S47	0.00859574249876351	0	0.0697402649177035	0.00809658664230981	0.00182561865568179	0.281598431101479	0.0315947575963816	0.0137422100661175	0.132785982389799	0.0182165506710016	0.0487553666033363	0	0	0	0	0	0.0584898852833201	0	0.0260379362136422	0	0.0142268942055095	0.00394515067535574	0	0.0180043615398965	0.00720086087767915	0.00778598107887378	0.000247194078918669	0	0.00444136923968572	0.00999592728168202	0	0.00293804260407046	0	0	0.00328484986240316	0	0	0	0.000884590618638959	0	0	0	0.053317120550037	0	0	0	2.73904760973144e-05	0.00174879044927135	0.000892912284351644	0	0	0	0	0	0.00951864235981762	0	0	0.0162757881777055	0.00318493437790726	0.0139825252748036	0	0	0.0394872359427522	0	0	0	0	0	0	0.000234504608955539	0	0.00321376291414781	0	0	0.00584123537564075	0	0.000945435883810612	0	0	0	0.000244458449582234	0.000560369002095422	0.0171623197607028	0	0	0.00139752385216676	0	0	0	0	0	0	0.0127788981192554	0.00019280127547886	0	0	0.00216250060280087
S48	9.50521120652536e-05	0	0	0	0.0174715353187795	0	0.00884117798631893	0	0.0159821804545838	0	0.0224770870824508	0	0	6.60345684809622e-05	0	0.000127347849296066	0	0.0690036270310893	0.0937178318743322	0.000375785596237911	0.0151216816933193	0	0	0.000154183825304434	0.0252082902107613	0	0.445714433525425	0	0.0309412164692839	0.00195957848027841	0	0	0.000124813363624459	0.000522171022137065	0	0	0	0	0.0045940515104367	0	0	0	0	0	0	0.000148727658939138	0	0	0	0.000197779859432964	0	0	0.000132673756584165	0	0.0206132119181995	0	0	0	0	0	0	0	0.00406815379981307	0	0	0	0	0	0	0.0387874940125626	0	2.13146404432246e-05	0.00281089034759949	0	0.000612402513909543	0	0	0.00105005970834043	0	0	6.56456830178824e-05	0	0.00344915311181858	0	0	0.000730173639251251	0	0	0	0	0	0	0.00236728199823947	0	0	0.000288006780602243	0.00194613349715893
S49	0.000548556302780996	0	0	0.0309036664817114	0.000950954266994388	0.2114010598807	0.0054104066847966	0.125712418388031	0.019221462218344	0.0863821236808311	0	0	0	0	0	0.000431803078676177	0	0	0	0	0.0638604209128101	0	0	0	0.0782487519608502	0	0	0	0	0	0	0	0	0	0	0.00295859280645611	0	0.0489087444315097	0	0.00591514360954623	0	0	0.101362748911125	0	0	0	0	0	0.00489062195678073	0	0	0	0	0	0.0211184887998104	0	0	0.0941102481411673	0	0	0	0.0209624301854339	0.00460760761076532	0	0	0	0	0	0	0.0127590759902321	0	0	0	0	0.00240582191493363	0	0	0.00259254746297428	0	0	0.00212130825108313	0	0.0363921098888001	0	0	0	0	0	0	0	0	0	0	0	0	3.51861828555454e-05	0
S50	0.0118072746010822	0.00118104392112108	0.170072988328273	0	0.00829740064911919	0.0170668193215962	0.264224743299547	0	0.201911428648931	0.0045837376754744	0.0120499774560863	0	0.00299215024888041	0	0	0.00114156032722084	0	0	0.000256239593654194	0.0193206768784919	0.0015510247994083	0	0	0	0.0191896136164549	0.00999067050086104	0	0.00104370138000799	0.0288672494167415	0.00825168459625436	0.0739914663348494	0	0.000701388966543538	0.0124832967314725	0.00612931518688517	0.0022568585701508	0.000223553747829773	0	0	0.000711884019380224	0	0	0.000173474839142682	0	0	0.00827474782774716	0	0	0.00194069909259579	0	0	0.00131992397629597	0	0	0.0297090863647786	0	0.010271422906756	0.00145618473419094	0.00150514620268998	0.011198022944124	0	0.000483243771198002	0.00544289668782741	0	0.00542988504911809	0	0	0	0	0	0	0	0	0	0.000376937129208309	0.00242674713478693	0	0.000185908595638186	0	0.00330406431222912	3.64849801462397e-05	0	0.000746112025718208	0	0	0.00958108689479886	0	0	0	9.08261714977622e-05	0	0	0	0	0	0.00592224954319413	0
S51	0	0	0.00109405762750376	0	0	0	0.70536610476458	0.02159891392308	0.0487271341434669	0.00109141494607716	0.00170340643985413	0.00823295133142418	0	0.000152159749359298	0	0.00175750265891722	0	0	0.00678390583517812	0	0.0167911372395312	0.00113128582612393	0	0	0.027914416629944	0.00759336427084857	0.000549426801899412	0	0.000888630468294446	9.25074167277767e-05	0	0	0	0.000553931788253021	0.0170184139964618	0	0	0	0.00062736424698898	0	0	0	0	0.00020182680992504	0	0.000328292972232508	0	0	0	0	0.000615914927212996	0	0.000818008965543591	0	0.00163839876639399	0	0	0.0122858078543696	0	0	0	0	0.0275903093114824	0	0	0	0	0	0	0	0	0	0	0	0.00516276531804209	0	0	0	0	0.0153738634337723	0.000176107734577785	0.000328430515525565	0	0	0	0.0133761585496193	0.00108656586413916	0	3.18978023064067e-05	0	0	0.00489084592193108	0	0	0	0	0.000401084353550898
S52	0	0	0	0	0	0.00896956808414171	0.0269068164794479	0.000569284895687074	0.0749770637655532	0.0304250214036593	0.0229630669945855	0	2.28277347688703e-05	0.00078047854867066	0	0.000321949051029486	0	0	0.0204904195851385	0.0321976890919056	0.322583109169565	0	0	0	0.1687955034285	0	0.0017670172332748	0	0.0446529439995279	0.00400344274547901	0	0.00742261661338636	0	0	0.00357238569164121	7.2451767383282e-05	0	0	0.00340489268668934	0.00637976394468785	0	0	0	0	0	0.000166002449594455	0.00230197201079818	0	0.00113821187212372	0	0	0.0033724867821644	0	0	0.0825492972464784	0	0.00420311082373754	0	0.000468278197377906	0	0	0	0.00311794514466609	0	0.000510308979151285	0	0	0.00956987266033857	0	0.00212754189545981	0	0	0	0	0.00266366687437106	0.00510998031088082	0.0194211683963302	0	0	0	0.00434328650353998	0	0.0218951149072142	0	0	0.00348136306607073	0	0	0	0	0	0	0.000217146612583938	0.000597376814918423	0	0.00827692815815152	0.000956918932584491
S53	0	0	0.0129418025644699	0.0838599178982037	0	0.0275691790571572	0.177328966360295	0.0241064395550195	0.0519953258878891	0.00958781154748885	0	0	0	0	0	0	0	0	0.00029200520731305	0	0.0410261973859124	0	0.00362756956498814	0	0.0876068337522236	0	0	0	0	0	0	0	0.00217626288511499	0	0.0404061524558262	4.89082805767686e-05	0	0	0	0.0127672856095262	0.190741529119954	0	0.0756877489514481	0	0	0	0	0.00356462857756233	0.00235073451503232	0	0	0.00256790984013994	0	0	0.036340225726427	0	0	0.00686708303141089	0	0	0	0	0.00153092683568128	0	0	0	0	0	0.00112800275042215	8.77291115656832e-05	0	0	0	0	0.00130816928525394	0	0.000268199590756571	7.7053476973281e-05	0	0	0	0	0.0419089465675912	0.00483874883713767	0	0	0	0	0	0	0	0	0.00199997725315601	0	0	0	0
S54	0.00105029791246952	0	0	0.0494768397623974	0	0.00568339683515672	0.0478272880091904	0	0.599798010490867	0	0	0	0.000595478386769971	0	0	0.00117448996687391	0	0	0	0.0106636610100775	0.00629277595331387	0	0	0	0.0177432005552265	0	0	0.000577766064677271	0	0	0	0.000242566935376071	0.00111508552100893	3.28781534268202e-05	0.00368625186878247	0	0	0	0	0	0	0	0.0492535584042245	0	0	0.00111261786640997	0	0	0.0464320528547574	0	0	0.00429210153402425	0	0	0.0105934697081147	0	0	0.00149455708869192	0	0	0	0	0	0	0	0	0	0.000278652435260654	0	0.000361161928331001	0	0.00627682621675897	0	0	0.000329304218702878	0	0	0.0768254056729884	0	0	0.000296839231442624	0	0.0065512793314799	0	0	0	0	0	0	0	0	0	0.00566068482643172	0	0	0.00222540125676632	0
S55	0	0	0.0121648859989615	0.0576135098248457	0.137198608059937	0.0923838060244914	0.0130335273569622	0.00881556573506006	0.0793147378789788	0.00346600788782168	0.0145111435330604	0	0	0	0	0	0	0	0.0156105350614544	0	0.00613057501186351	0	0	0	0.145464782227625	0	0	0.00758344649281494	0.000685476937704448	0	0	0.00766701141314475	0.000435710977996589	0	0.0387361145439057	0	0	0.00981618489524602	0	0.000319112264444967	0	0	0.0532904888913981	0	0	0	0	0	0.0417946066679733	0	0	0	0	0	0.0340690123029336	0	0	0.0542240280937081	0	0	0	0	0.0433217630323925	0	0	0	0	0	0	0.000818800866898304	0	0	0	0	0.00130704799542747	0	0.00839602564634242	0.0398521431144078	0.00053341091132687	0	0	0.00191761202719486	0.00291980594606103	0	0	0	0	0	0	0	0	0	0.0336973941591181	0	0	0	0.00795001572278781
